distance,p,q
0.937575534819,2039,97961
0.937637854477,2027,97973
0.937788131437,1871,98129
0.937806755697,1877,98123
0.947242237856,293,99707
0.957278902281,281,99719
0.998045535188,239,99761
1.004505870886,233,99767
1.051799060701,191,99809
1.076860754022,167,99833
